csrfmiddlewaretoken,B4UTKEnc7hjPdgKDbRpBSTetxZr5OBya3ISRW0hRJidNAyjrIuhmCzuaI1aEEooQ
year,2000
genre,Drama
lang,English
btnK,MovieZap Top50
csrfmiddlewaretoken,B4UTKEnc7hjPdgKDbRpBSTetxZr5OBya3ISRW0hRJidNAyjrIuhmCzuaI1aEEooQ
year,2000
genre,Drama
lang,English
btnK,MovieZap Top50
csrfmiddlewaretoken,UlJOEQSqftGtOona5aaeyycYoC8ugNaeuDRhSZOF5p59El9kDHviYVGn89XC0vqf
year,2000
genre,Drama
lang,English
btnK,MovieZap Top50
csrfmiddlewaretoken,UlJOEQSqftGtOona5aaeyycYoC8ugNaeuDRhSZOF5p59El9kDHviYVGn89XC0vqf
year,2000
genre,Drama
lang,English
btnK,MovieZap Top50
csrfmiddlewaretoken,tH0WQSzO5ArmmXfXfoitoLohZp4OGNWB3Z8p41v3VwQ2cU17NVDxO8SGJWTWqvcC
year,1960
genre,Drama
lang,English
btnK,MovieZap Top50
csrfmiddlewaretoken,tH0WQSzO5ArmmXfXfoitoLohZp4OGNWB3Z8p41v3VwQ2cU17NVDxO8SGJWTWqvcC
year,1960
genre,Drama
lang,Persian
btnK,MovieZap Top50
csrfmiddlewaretoken,tH0WQSzO5ArmmXfXfoitoLohZp4OGNWB3Z8p41v3VwQ2cU17NVDxO8SGJWTWqvcC
year,1960
genre,Animation
lang,Persian
btnK,MovieZap Top50
csrfmiddlewaretoken,m6hwJOOM09zn2nssiP0Vr9dxhoVhhZn6WopZXXK1Q5Y3SkeCQmlZRwHW1VKp1HD7
year,2000
genre,Drama
lang,English
btnK,MovieZap Top50
